"Framework","Strategy","Status","Cost","Depth","Nodes(exp)","Nodes(gen)","Runtime","start","goal","Problem","Solution"
"tree","breadth","Success","3","3","45","176","0.0","(124, 256)","(125, 258)","./example/gridmap/arena2.map","Hidden"
"tree","breadth","Success","5","5","721","2871","0.0156","(159, 99)","(162, 101)","./example/gridmap/arena2.map","Hidden"
"tree","breadth","Success","4","4","89","352","0.0","(130, 112)","(131, 109)","./example/gridmap/arena2.map","Hidden"
"tree","breadth","Success","3","3","41","149","0.0","(94, 101)","(93, 103)","./example/gridmap/arena2.map","Hidden"
"tree","breadth","Success","3","3","37","144","0.0","(58, 111)","(60, 110)","./example/gridmap/arena2.map","Hidden"
"tree","breadth","Success","5","5","603","2332","0.0156","(83, 93)","(80, 95)","./example/gridmap/arena2.map","Hidden"
"tree","breadth","Success","5","5","352","1404","0.0","(48, 262)","(46, 259)","./example/gridmap/arena2.map","Hidden"
"tree","breadth","Success","3","3","25","96","0.0","(39, 270)","(40, 268)","./example/gridmap/arena2.map","Hidden"
"tree","breadth","Success","1","1","5","16","0.0","(101, 237)","(102, 237)","./example/gridmap/arena2.map","Hidden"
"tree","breadth","Success","1","1","2","3","0.0","(178, 274)","(178, 273)","./example/gridmap/arena2.map","Hidden"
"tree","breadth","Success","9","9","55349","212531","0.875","(99, 102)","(104, 98)","./example/gridmap/arena2.map","Hidden"
"tree","breadth","Success","4","4","341","1360","0.0","(113, 69)","(117, 69)","./example/gridmap/arena2.map","Hidden"
"tree","breadth","Success","7","7","16383","65514","0.2969","(138, 256)","(131, 256)","./example/gridmap/arena2.map","Hidden"
"tree","breadth","Success","9","9","77875","307528","1.3125","(123, 118)","(126, 112)","./example/gridmap/arena2.map","Hidden"
"tree","breadth","Success","7","7","7159","27450","0.1094","(128, 141)","(129, 147)","./example/gridmap/arena2.map","Hidden"
"tree","breadth","Success","7","7","5717","22863","0.0938","(40, 140)","(44, 137)","./example/gridmap/arena2.map","Hidden"
"tree","breadth","Success","9","9","165847","650330","2.8906","(53, 239)","(50, 245)","./example/gridmap/arena2.map","Hidden"
"tree","breadth","Success","4","4","86","335","0.0","(143, 164)","(143, 160)","./example/gridmap/arena2.map","Hidden"
"tree","breadth","Success","8","8","43740","174748","0.6875","(73, 170)","(69, 174)","./example/gridmap/arena2.map","Hidden"
"tree","breadth","Success","7","7","2320","8654","0.0312","(123, 264)","(122, 258)","./example/gridmap/arena2.map","Hidden"
"tree","breadth","Time out","None","None","1573625","6293704","30.0156","(91, 82)","(101, 81)","./example/gridmap/arena2.map","Hidden"
"tree","breadth","Time out","None","None","1691750","6588048","30.0156","(98, 108)","(106, 116)","./example/gridmap/arena2.map","Hidden"
"tree","breadth","Time out","None","None","1185689","4705585","30.25","(139, 194)","(132, 185)","./example/gridmap/arena2.map","Hidden"
"tree","breadth","Time out","None","None","1657076","6627805","30.0156","(90, 196)","(98, 189)","./example/gridmap/arena2.map","Hidden"
"tree","breadth","Time out","None","None","1584171","6336679","30.0156","(144, 268)","(141, 277)","./example/gridmap/arena2.map","Hidden"
"tree","breadth","Time out","None","None","1679411","6487451","30.0156","(91, 263)","(100, 263)","./example/gridmap/arena2.map","Hidden"
"tree","breadth","Time out","None","None","1680437","6598090","30.0156","(87, 122)","(97, 123)","./example/gridmap/arena2.map","Hidden"
"tree","breadth","Success","10","10","691655","2752465","13.5781","(136, 168)","(136, 178)","./example/gridmap/arena2.map","Hidden"
"tree","breadth","Time out","None","None","1593810","6349331","30.0156","(43, 150)","(51, 144)","./example/gridmap/arena2.map","Hidden"
"tree","breadth","Time out","None","None","1572628","6284306","30.0156","(39, 130)","(31, 133)","./example/gridmap/arena2.map","Hidden"
"tree","breadth","Time out","None","None","1458636","5803602","30.0156","(113, 192)","(106, 180)","./example/gridmap/arena2.map","Hidden"
"tree","breadth","Time out","None","None","1551362","6077450","30.0156","(166, 221)","(153, 227)","./example/gridmap/arena2.map","Hidden"
"tree","breadth","Time out","None","None","1471601","5863599","30.0156","(49, 161)","(45, 147)","./example/gridmap/arena2.map","Hidden"
"tree","breadth","Time out","None","None","1378427","5492866","30.0156","(74, 270)","(60, 274)","./example/gridmap/arena2.map","Hidden"
"tree","breadth","Time out","None","None","619874","2459494","30.0156","(157, 126)","(170, 121)","./example/gridmap/arena2.map","Hidden"
"tree","breadth","Time out","None","None","748366","2993460","30.4375","(95, 202)","(82, 206)","./example/gridmap/arena2.map","Hidden"
"tree","breadth","Time out","None","None","1613091","6195265","30.0156","(132, 183)","(128, 196)","./example/gridmap/arena2.map","Hidden"
"tree","breadth","Time out","None","None","1671662","6657254","30.0156","(167, 121)","(169, 133)","./example/gridmap/arena2.map","Hidden"
"tree","breadth","Time out","None","None","1703934","6454287","30.0156","(164, 90)","(165, 105)","./example/gridmap/arena2.map","Hidden"
"tree","breadth","Time out","None","None","1573046","6292180","30.0156","(189, 256)","(196, 266)","./example/gridmap/arena2.map","Hidden"
"tree","breadth","Time out","None","None","1644787","6550988","30.0156","(49, 129)","(36, 138)","./example/gridmap/arena2.map","Hidden"
"tree","breadth","Time out","None","None","1588105","6328785","30.0156","(154, 254)","(136, 256)","./example/gridmap/arena2.map","Hidden"
"tree","breadth","Time out","None","None","1628651","6448259","30.0156","(50, 95)","(38, 107)","./example/gridmap/arena2.map","Hidden"
"tree","breadth","Time out","None","None","1568363","6260877","30.0156","(72, 161)","(78, 175)","./example/gridmap/arena2.map","Hidden"
"tree","breadth","Time out","None","None","1467476","5869679","30.0156","(92, 117)","(94, 136)","./example/gridmap/arena2.map","Hidden"
"tree","breadth","Time out","None","None","1493123","5972488","30.0156","(67, 264)","(81, 251)","./example/gridmap/arena2.map","Hidden"
"tree","breadth","Time out","None","None","1617520","6443320","30.0156","(18, 128)","(13, 114)","./example/gridmap/arena2.map","Hidden"
"tree","breadth","Time out","None","None","1555253","6148596","30.0156","(135, 167)","(139, 184)","./example/gridmap/arena2.map","Hidden"
"tree","breadth","Time out","None","None","1502562","5994387","30.0156","(95, 82)","(102, 99)","./example/gridmap/arena2.map","Hidden"
"tree","breadth","Time out","None","None","1672636","6495563","30.0156","(67, 128)","(77, 116)","./example/gridmap/arena2.map","Hidden"
"tree","breadth","Time out","None","None","1630320","6415330","30.0156","(149, 169)","(131, 183)","./example/gridmap/arena2.map","Hidden"
"tree","breadth","Time out","None","None","1552198","6126662","30.0156","(75, 172)","(79, 194)","./example/gridmap/arena2.map","Hidden"
"tree","breadth","Time out","None","None","1616087","6445892","30.0156","(154, 167)","(137, 156)","./example/gridmap/arena2.map","Hidden"
"tree","breadth","Time out","None","None","1605496","6388223","30.0156","(122, 200)","(117, 179)","./example/gridmap/arena2.map","Hidden"
"tree","breadth","Time out","None","None","1628162","6432106","30.0156","(150, 105)","(153, 83)","./example/gridmap/arena2.map","Hidden"
"tree","breadth","Time out","None","None","1667016","6596053","30.0156","(124, 179)","(114, 161)","./example/gridmap/arena2.map","Hidden"
"tree","breadth","Time out","None","None","1670769","6507645","30.0156","(159, 156)","(151, 139)","./example/gridmap/arena2.map","Hidden"
"tree","breadth","Time out","None","None","1608302","6432202","30.0156","(105, 84)","(85, 77)","./example/gridmap/arena2.map","Hidden"
"tree","breadth","Time out","None","None","1625136","6465252","30.0156","(41, 95)","(58, 105)","./example/gridmap/arena2.map","Hidden"
"tree","breadth","Time out","None","None","1587740","6253757","30.0156","(65, 238)","(74, 258)","./example/gridmap/arena2.map","Hidden"
"tree","breadth","Time out","None","None","1646048","6572732","30.0156","(88, 172)","(104, 153)","./example/gridmap/arena2.map","Hidden"
"tree","breadth","Time out","None","None","1673381","6428661","30.0156","(207, 257)","(186, 267)","./example/gridmap/arena2.map","Hidden"
"tree","breadth","Time out","None","None","1648866","6486186","30.0156","(96, 190)","(119, 181)","./example/gridmap/arena2.map","Hidden"
"tree","breadth","Time out","None","None","1640405","6541165","30.0156","(140, 95)","(164, 95)","./example/gridmap/arena2.map","Hidden"
"tree","breadth","Time out","None","None","1601456","6405820","30.0156","(94, 70)","(87, 92)","./example/gridmap/arena2.map","Hidden"
"tree","breadth","Time out","None","None","1605033","6416856","30.0156","(121, 96)","(122, 69)","./example/gridmap/arena2.map","Hidden"
